,Date,model1,model2,model3,model4,model5,model6,model7,model8,model9,model10,model11,model12,feature
0,20100713,"0.964753881595,1.07967262746","0.964753881595,1.07967262746","0.964753881595,1.07967262746","0.964753881595,1.05787512838","0.964753881595,1.07967262746","0.964753881595,1.07967262746","0.964753881595,1.07967262746","0.964753881595,1.07967262746","0.905992421134,0.964753881595,0.244946600245,1.07967262746","0.964753881595,1.07967262746","0.964753881595,1.07967262746","0.958498280765,0.964753881595,1.07967262746",sph_dist
1,20100714,"1.06640183357,0.948833712293,0.6382176551,0.329369714398,0.210715515228,0.963108052879","0.747508414663,0.935594111543,0.963108052879","0.948833712293,0.963108052879,0.245390315628","0.6382176551,0.948833712293,1.08654695735,0.963108052879","1.06640183357,0.591251507005,0.285129212512,0.963108052879","0.935594111543,0.428777009782,0.963108052879","0.80409648071,0.316021118407,0.591251507005,0.935594111543,0.428777009782,0.246689204058,0.963108052879","0.935594111543,0.45412517034,0.963108052879","0.935594111543,0.963108052879","0.476305567545,0.866716005907,0.963108052879,0.214497139947","0.255317245727,0.40214555822,0.591251507005,0.948833712293,0.244346095279,0.963108052879","1.02314478345,0.948833712293,0.963108052879",sph_dist
2,20100715,"0.966523547346,0.802486420022,0.954004583454,0.943225412056","0.822858618125,0.442416793527,0.802486420022,0.954004583454,0.943225412056","0.966523547346,0.802486420022,0.943225412056,0.954004583454","0.966523547346,0.802486420022,0.954004583454,0.931505073223","0.986288506424,0.0935200212794,0.802486420022,0.943225412056,0.954004583454","0.802486420022,0.931505073223,0.954004583454","0.802486420022,0.954004583454,0.943225412056","0.810134313614,0.802486420022,0.943225412056,0.954004583454","0.904106536419,0.802486420022,0.954004583454,0.943225412056","0.0935200212794,0.802486420022,0.954004583454,0.943225412056","0.854547212357,0.802486420022,0.954004583454,0.943225412056,0.154871865127","0.802486420022,0.442416793527,0.948665434244,0.954004583454,0.943225412056",sph_dist
3,20100716,"0.931786990856,0.769598909453,1.02124094874","0.888058226161,0.437332730712,1.02124094874,0.752719842233","0.931786990856,0.768866761328,1.02124094874","0.931786990856,0.768866761328,1.02124094874","0.931786990856,0.768866761328,1.02124094874","0.931786990856,0.499397889629,1.02124094874,0.768866761328","0.461252631781,0.888058226161,0.768866761328,1.02124094874","0.931786990856,0.769598909453,1.02124094874","0.437332730712,0.931786990856,1.00161811042,0.752719842233,1.02124094874","0.931786990856,0.0889132777415,1.02124094874,0.768866761328","0.931786990856,0.768866761328,1.02124094874","1.0737021716,0.931786990856,0.769598909453,1.02124094874",sph_dist
4,20100718,"0.938661144637,0.936651354034","0.425265884675,0.909173713551,0.936651354034","0.966751040448,0.391517405175,0.314812023664,0.936651354034","0.938661144637,0.140596029603,0.936651354034","0.909173713551,0.936651354034","0.966751040448,0.936651354034","0.743171252404,0.966751040448,0.26233526133,0.936651354034","0.966751040448,0.936651354034","0.909485629149,0.425265884675,0.938046566358,0.936651354034","0.966751040448,0.936651354034","0.93584415809,0.909173713551,0.936651354034","0.95295228469,0.966751040448,0.936651354034",sph_dist
5,20100719,"0.110556439755,0.430143943679,0.482220750576,0.973829734296","0.413588358392,0.482220750576,0.973829734296","0.482220750576,0.38664716695,0.973829734296","0.430143943679,0.482220750576,0.973829734296","0.430143943679,0.482220750576,0.973829734296","0.482220750576,0.973829734296","1.03962456392,0.482220750576,0.973829734296","0.482220750576,0.973829734296","0.950802167017,0.482220750576,0.973829734296","0.482220750576,0.973829734296","0.430143943679,0.482220750576,0.973829734296","0.999555265013,0.482220750576,0.973829734296",sph_dist
6,20100721,"0.971981361426,0.436548255432,0.525153025072,0.966697025094","0.437195418265,1.02385761113,0.525153025072,0.966697025094","1.05845864366,0.525153025072,0.966697025094","0.971981361426,0.402344052636,0.904350855954,1.19614422771,0.525153025072,0.966697025094","0.402344052636,1.02385761113,0.525153025072,0.966697025094","0.437195418265,1.05845864366,0.525153025072,0.966697025094","0.488890854001,1.05845864366,0.525153025072,0.966697025094","1.02385761113,0.525153025072,0.966697025094","0.403488918068,1.19614422771,1.02385761113,0.525153025072,0.966697025094","0.488692190558,1.02385761113,0.525153025072,0.966697025094","0.488692190558,1.02385761113,0.525153025072,0.966697025094","0.436332312999,1.02385761113,0.525153025072,0.966697025094",sph_dist
7,20100722,"1.03471248175,0.541671507744,0.428112019097,0.891558808589","1.12475627403,0.428112019097,0.891558808589","0.541206999665,1.15949255158,0.428112019097,0.891558808589","0.506792875161,1.12475627403,0.428112019097,0.891558808589","0.594723021063,1.12475627403,0.428112019097,0.891558808589","1.15949255158,0.447408471671,0.891558808589","1.15949255158,0.415264243778,0.891558808589","0.594723021063,1.15949255158,0.428112019097,0.891558808589","1.12170356891,0.891558808589,0.428112019097","0.593557776109,1.03471248175,0.428112019097,0.891558808589","0.593557776109,1.34630474817,1.12475627403,0.428112019097,0.891558808589","0.541206999665,1.12170356891,0.428112019097,0.891558808589",sph_dist
8,20100723,"0.912364934189,0.383972435439,1.30587047205","0.964512112349,1.30587047205","0.383972435439,0.964512112349,1.30587047205","0.349065850399,0.964512112349,1.30587047205","1.38163896134,0.383972435439,0.912364934189,1.30587047205","1.0048157181,1.30537808959","1.05145591588,1.30587047205","0.999285332383,1.30587047205","0.964512112349,1.30587047205","0.43843061054,0.785547752982,1.30587047205","0.436332312999,0.964512112349,1.30587047205","0.436565970472,0.999285332383,1.30587047205",sph_dist
9,20100725,"2.21731968696,0.663937684438,0.983547579953","2.25147269472,0.663937684438,0.983547579953","1.6180720998,2.15886767296,0.663937684438,0.983547579953","1.5842076722,2.12476208278,0.663937684438,0.983547579953","1.66886160162,2.16601974935,0.663937684438,0.983547579953","2.25147269472,0.663937684438,0.984372201094","0.899575830972,2.30261911812,0.663937684438,0.983547579953","0.98790349745,2.25147269472,0.629252512639,0.984372201094","2.21731968696,1.0142384509,0.983547579953,0.663937684438","1.5547249145,2.0281651861,0.629252512639,0.983547579953","1.58808982339,2.15886767296,0.899587728833,0.983547579953,0.663937684438","1.68100420466,2.24395586717,0.629252512639,0.983547579953",sph_dist
10,20100726,"1.02668636833,1.47380900952,0.852827102966,0.597384076638,1.22377152365","0.98913271612,1.47380900952,0.597384076638,1.22377152365","1.41934524039,1.06418335759,1.10367580519,0.950599116642,0.597384076638,1.27452381803","0.950599116642,1.07249967798,0.930132965811,1.39569014895,0.597384076638,1.22377152365","1.04036449543,1.38837245173,1.08970422359,0.950599116642,0.597384076638,1.2760531409","1.47380900952,0.998022657442,0.597384076638,1.22377152365","0.859444849437,1.52075824903,0.597384076638,1.22377152365","0.885452689965,1.04609455327,0.950599116642,1.47380900952,0.562737226367,1.22377152365","0.957742503093,1.03470533923,1.47380900952,0.562737226367,1.22377152365","0.950599116642,1.40399246771,1.00683207836,1.22377152365,0.562737226367","0.8167520711,0.950599116642,1.41934524039,0.562737226367,1.22377152365","1.06890942671,0.950599116642,1.13373095895,1.46587561686,0.562737226367,1.27452381803",sph_dist
11,20100727,"1.44072670286,1.01071730802,0.609144967283","0.980035940238,1.45203392852,0.617818620812","1.34744614733,1.44072670286,0.617818620812","0.982713466016,1.25702323392,1.45203392852,0.617818620812","1.40762446257,1.34744614733,0.609144967283","1.5152744523,0.617818620812","0.0707813849483,1.49711332446,0.617818620812","1.42529101314,0.575245948197","0.864738146693,1.49711332446,0.617818620812","1.29499101738,1.42690844577,0.584451717262","1.42529101314,0.609144967283","1.45203392852,0.584451717262",sph_dist
12,20100728,"1.04747786363,0.516616407646,0.401132101552","1.00184709958,0.39444595681,0.482515068948","1.00184709958,0.39444595681,0.516616407646","1.01309351561,0.39444595681,0.516616407646","0.95095788854,0.516616407646,0.39444595681","1.06846775779,0.39444595681,0.516616407646","1.04747786363,0.343238051343,0.516616407646","1.01309351561,0.39444595681,0.469650619405","0.183709484877,1.01309351561,0.516616407646,0.39444595681","0.920738958184,0.39444595681,0.516616407646","0.971821752569,0.39444595681,0.503393862715","1.00184709958,0.401132101552,0.516616407646",sph_dist
13,20100730,"0.908428589494,0.642826813371,0.530647328685,0.436542212271,1.4050165404","0.340823853929,0.729443857486,0.890214670862,0.705035797904,0.507857962075,0.436542212271,1.42668682701","0.662579911251,0.530647328685,0.436542212271,1.45078196431","0.660911601291,0.321241632592,0.530647328685,0.436542212271,1.45078196431","0.265619721758,1.45078196431,0.436542212271,0.530647328685","0.349329907783,0.906377033003,0.775053534173,1.45078196431,0.436542212271,0.530647328685","0.530647328685,0.436542212271,1.4050165404","0.705035797904,0.890214670862,0.436542212271,0.530647328685,1.4050165404","0.369667279565,1.4050165404,0.530647328685,0.436542212271","1.45078196431,0.436542212271,0.530647328685","0.530647328685,0.436542212271,1.45078196431","0.530647328685,0.436542212271,1.45078196431",sph_dist
14,20100731,"0.463611684657,1.05730566857,0.597007469573,0.452746654971,0.473653244835,1.38124475253","0.567674616167,0.490447987711,1.00881959417,0.452746654971,0.473653244835,1.42668682701","1.00881959417,0.463611684657,0.473653244835,0.452746654971","1.05730566857,0.452746654971,0.473653244835,1.42668682701","0.496766091708,0.376369451721,0.936777801135,0.473653244835,0.452746654971,1.38124475253","0.0582621293267,0.463611684657,0.951124513413,1.42668682701,0.473653244835,0.452746654971","1.0893989596,0.452746654971,0.473653244835,1.38124475253","0.541196808938,0.490447987711,0.469426016803,1.03644949335,0.473653244835,0.452746654971,1.38124475253","0.156438024296,1.05730566857,0.452746654971,0.473653244835,1.38124475253","1.00881959417,0.452746654971,0.473653244835,1.42668682701","0.836444327443,0.452746654971,0.473653244835,1.42668682701","1.00605605405,0.452746654971,0.473653244835,1.42668682701",sph_dist
15,20100802,"0.925153846165,0.165419091947,0.440052399516,0.784380578065,0.969337083601,0.471554747503,1.3404920615,0.22147380898","0.927091689623,0.440052399516,0.132755634728,0.314453123416,0.471554747503,0.211029393607,1.38543952117","0.165419091947,0.414340812905,0.927091689623,0.211029393607,0.471554747503","0.440052399516,0.165419091947,0.979362298039,0.474073963293,0.22147380898,1.38543952117","0.132755634728,0.440052399516,0.401425727959,0.805158035193,0.474073963293,0.22147380898,1.4103425099","0.165419091947,0.475952272714,0.842773334735,1.4103425099,0.22147380898,0.471554747503","0.165419091947,0.475952272714,1.01421280656,0.471554747503,0.22147380898,1.36510532785","0.784380578065,0.165419091947,0.440052399516,0.927091689623,0.471554747503,0.211029393607,1.36510532785","0.414340812905,0.165419091947,0.92966881837,0.471554747503,0.22147380898,1.36510532785","1.01241119449,0.475952272714,0.471554747503,0.211029393607,1.4103425099","0.132755634728,0.440052399516,0.89025124358,0.471554747503,0.22147380898,1.4103425099","0.132755634728,0.440052399516,0.892248585998,0.211029393607,0.474073963293,1.38543952117",sph_dist
16,20100803,"1.00138568589,0.279770180551,0.506145483078,1.47432967143,0.541326399625","0.244346095279,0.973204289472,0.541326399625","0.96399286883,0.507310464797,0.279770180551,0.663266211179,0.541326399625","0.507310464797,0.541326399625,1.47432967143","0.986592509254,0.333366091745,0.543516064142,1.47432967143","0.973204289472,0.45508255159,0.541326399625,0.712121662607,1.47432967143","0.973204289472,0.542142102063,0.541326399625,1.42822368762","0.994604620982,0.45508255159,0.541326399625,0.65560351474,0.250984785744,1.42822368762","0.45508255159,0.541326399625,1.42822368762","1.00138568589,0.418879020479,0.541326399625,0.663266211179","1.00138568589,0.541326399625","0.42028077174,0.986592509254,0.748411272009,0.543516064142",sph_dist
17,20100804,"1.17438292261,1.38124475253,0.488692190558","0.519086508646,0.691394144206,1.14743524049,1.38124475253,0.488692190558","1.10011910992,0.506145483078,0.488692190558,1.42668682701","1.19281652837,0.488692190558,1.4050165404,0.604174203809","1.14743524049,0.488692190558,1.4050165404,0.576499958545","1.19281652837,0.488692190558,1.4050165404","0.488692190558,1.4050165404,0.662067585012","1.1522927217,0.488692190558,1.38124475253","0.944203490413,0.488692190558,1.4050165404,0.6241741501","0.506307414282,1.16458235638,0.488692190558,1.4050165404","1.10011910992,0.488692190558,1.4050165404,0.576499958545","0.891910104287,0.698259055959,1.38124475253,0.488692190558",sph_dist
18,20100805,"0.209980227942,0.524578208013,0.50731959772,1.31709649944","0.180050556001,0.492467697776,1.31709649944,0.50731959772","0.614292189264,0.177065608204,0.50731959772,1.31709649944","0.741956991086,0.506145483078,1.31709649944,0.530605104392","0.209980227942,0.621299571724,1.31709649944,0.50731959772","0.713450269574,1.27280375751,0.506145483078","0.735962608997,0.50731959772,1.31709649944","0.747723021474,0.159719450472,0.506145483078,1.27280375751","0.747723021474,0.547932462646,1.31709649944,0.50731959772,0.608519039164","0.123054179067,0.506145483078,1.31709649944","0.263571211414,0.50731959772,1.31709649944,0.530605104392","0.636671517226,0.593904366936,0.50731959772,0.594171115716,1.31709649944",sph_dist
19,20100806,"0.488692190558,0.552967314459,1.27651773314","0.0889903322903,0.281445674671,0.488692190558,1.2491690543","0.586631281897,0.488692190558,1.27651773314,0.505834589597","0.505834589597,1.27651773314,0.488692190558","0.489908874393,1.23305296394","1.27651773314,0.488692190558,0.505834589597","0.488692190558,1.27651773314","0.488692190558,1.23305296394","0.203299872069,0.488692190558,0.612443594392,1.27651773314,0.505834589597","0.394793837285,0.722570795878,0.488692190558,0.638331307114,1.23305296394","0.488692190558,0.590454135546,1.27651773314,0.505834589597","0.959125051346,1.27651773314,0.488692190558",sph_dist
20,20100807,"0.516962210135,0.477226913722,0.960503409306,0.614390522993,1.4050165404","0.443447494248,0.638145495134,0.445119436472,0.907722607847,0.451343934148,1.4347764596","0.619186511393,0.451343934148,1.4347764596,0.660647743269,0.960503409306","0.42287427537,1.4050165404,0.451343934148,0.960074201164","0.960074201164,0.451343934148,1.4050165404","0.724916852663,0.451343934148,1.4050165404,0.960074201164","0.451343934148,0.907722607847,1.4050165404","1.4050165404,0.477226913722","0.960503409306,0.588699230773,1.4347764596,0.451343934148","0.362813564215,0.715212858862,0.602727849956,0.446181102371,0.960074201164,1.4050165404","0.907722607847,1.4347764596,0.451343934148","0.347945563533,0.545041468602,0.451343934148,1.4347764596,0.907722607847",sph_dist
21,20100808,"0.699224453504,0.436540950553,0.607217143693,1.24678019488",0.436540950553,"1.24678019488,0.418537835747","0.674445004487,0.436540950553,1.28583853902,1.24678019488","0.436540950553,1.24678019488","0.699224453504,0.436540950553,1.24678019488","1.24678019488,0.436540950553","0.674445004487,1.24678019488,0.451343934148","0.622454422076,1.24678019488,0.436540950553","0.699224453504,0.618657823449,0.802285386795,0.61462184274,1.24678019488,0.436540950553","1.24678019488,0.436540950553","0.699224453504,1.24678019488,0.436540950553",sph_dist
22,20100809,"0.296369443541,0.564214648431,0.856331275803,0.441321068316,1.64424034647","0.307570280567,0.564214648431,0.711353292563,0.441321068316,1.64424034647","0.307570280567,0.441321068316,1.64424034647","0.296369443541,0.564214648431,0.66299508567,1.64424034647,0.441321068316","0.35558236478,0.547364181794,0.441321068316,1.64424034647","0.35558236478,0.441321068316,1.64424034647","0.307570280567,0.69486837363,0.441321068316,1.64424034647","0.296369443541,0.441321068316,0.789736111857,1.64424034647","0.35558236478,0.441321068316,0.731541565053,1.64424034647","0.564214648431,0.35558236478,0.936963947726,0.441321068316,1.64424034647,0.74271763156","0.307570280567,0.564214648431,0.441321068316,1.64424034647","0.307570280567,0.620074549536,0.441321068316,1.64424034647,0.754550296905",sph_dist
23,20110120,"0.186389036284,0.388482435611,0.560694349658,1.02510330198,1.11896898193,0.313205157099","0.349267251198,0.539394724054,0.998441941911,1.1125152025,0.313205157099","0.556964426765,1.11896898193,1.04293157052,0.380411578712","0.349065850399,0.560694349658,0.998441941911,1.11896898193,0.313205157099","0.539394724054,0.998441941911,1.11896898193,0.353247882862","0.560694349658,0.998441941911,1.11896898193,0.313205157099","0.560694349658,0.998441941911,1.11896898193,0.353247882862","0.556964426765,1.04293157052,1.11896898193,0.313205157099","0.556964426765,0.998441941911,1.11896898193,0.341202334104,0.313205157099","0.27722480794,0.556964426765,0.998441941911,1.11896898193,0.134144371209,0.380411578712","0.563657143292,0.332165112867,0.384725611502,0.998441941911,1.11896898193,0.313205157099","0.539394724054,0.998441941911,1.11896898193,0.313205157099",sph_dist
24,20110121,"0.550770879499,0.915424163223,1.1125287942,0.415230911695","0.508477137138,0.886091540026,1.10546037663,0.415230911695","0.601436850954,0.886091540026,1.1125287942,0.415230911695","0.317886437914,0.578926307734,0.915424163223,1.1125287942,0.387088325484","0.437895505494,0.886091540026,1.10546037663,1.14937307489,0.415230911695","0.618182886288,0.886091540026,1.1125287942,0.183100977255,0.415230911695","0.57653584256,0.886091540026,1.1125287942,0.415230911695","0.508477137138,0.886091540026,1.1125287942,0.387088325484","0.550770879499,0.886091540026,1.1125287942,0.415230911695,0.259054159697","0.578926307734,0.886091540026,1.10546037663,0.309922974012,0.328805592711,0.457531803232","0.508477137138,0.320582812318,0.349282783352,0.886091540026,1.1125287942,0.387088325484","0.262068058985,0.410063461916,0.886091540026,1.10546037663,0.457531803232",sph_dist
25,20110122,"0.261799387799,0.624559274181,0.232127457706,0.330282919008,1.29932286846,0.864226143593","0.261799387799,0.659003263928,0.232127457706,0.31030267065,1.25583818553,0.864226143593","0.261799387799,0.659003263928,0.232127457706,0.317018096811,1.25583818553,0.836653068488","0.259885021106,0.210614836689,0.659003263928,0.232127457706,1.25583818553,0.836653068488,0.309344466939","0.216678478277,0.624559274181,0.232127457706,1.25583818553,0.836653068488,0.31260667128","0.210614836689,0.659003263928,0.232127457706,1.27351474056,0.864226143593,0.31030267065","0.210614836689,0.659003263928,0.232127457706,1.29932286846,0.836653068488","0.210614836689,0.659003263928,0.232127457706,1.29932286846,0.836653068488,0.31260667128","0.210614836689,0.659003263928,0.232127457706,0.31260667128,0.29523021407,1.25583818553,0.836653068488","0.261799387799,0.624559274181,0.232127457706,0.191986217719,0.245652130059,1.27351474056,0.836653068488,0.317018096811","0.226892802759,0.252395964976,0.261799387799,0.624559274181,0.232127457706,1.25583818553,0.836653068488,0.31030267065","0.210614836689,0.617617000094,0.232127457706,1.29932286846,0.837980084172",sph_dist
26,20110123,"0.855368970095,0.205266332121,1.20396914585,0.750977233486,0.366751593334","0.855368970095,0.205266332121,1.15958711184,0.293282472462,0.750977233486","0.459967515859,0.855368970095,0.205266332121,0.438519391288,1.15958711184,0.710579678305","0.262098824027,0.855368970095,0.205266332121,0.412606043681,1.15958711184,0.710579678305","0.855368970095,0.205266332121,1.15958711184,0.747176288454,0.366751593334","0.456039254102,0.124415404632,0.898608498554,0.205266332121,1.15958711184,0.747176288454,0.42921174592","0.855368970095,0.205266332121,0.379536284696,1.15958711184,0.747176288454","0.855368970095,0.205266332121,1.15958711184,0.710579678305","0.459967515859,0.855368970095,0.205266332121,1.15958711184,0.747176288454,0.412230505784","0.855368970095,0.2263050201,0.19235674739,0.205266332121,0.856767723487,0.710579678305,1.15958711184,0.453316133641,0.412230505784","0.262098824027,0.837199922417,0.205266332121,1.15958711184,0.710579678305,0.443198227026","0.855368970095,0.205266332121,0.384414914822,1.15958711184,0.704897615479,0.495488842127",sph_dist
27,20110124,"0.820471596582,0.157962359077,0.372063374733,1.36996899408,0.773524736988","0.820471596582,0.157962359077,0.354437074449,1.20549952972,0.773524736988","0.342272135009,0.820471596582,0.157962359077,0.354437074449,1.20549952972,0.773783215039","0.820471596582,0.33182956996,0.157962359077,0.354437074449,1.20549952972,0.773783215039","0.820471596582,0.157962359077,0.346893825772,1.20549952972,0.773783215039","0.157962359077,0.87282192986,0.34643289791,0.773524736988,1.20549952972","0.820471596582,0.157962359077,0.372063374733,1.23454857022,0.773783215039","0.820471596582,0.157962359077,0.214101273305,0.294781063067,1.27786979722,0.773524736988","0.820471596582,0.157962359077,0.354437074449,1.16169049306,0.773783215039","0.820471596582,0.332479721779,0.156983212248,1.13601332182,0.773524736988,1.29697655131,0.354437074449","0.820471596582,0.157962359077,0.372063374733,1.20549952972,0.773524736988","0.296932271469,0.332479721779,0.820471596582,0.157962359077,0.369790528767,0.354437074449,1.20549952972,0.773783215039",sph_dist
28,20110125,"0.266891254435,0.130053649061,0.38642344463,1.09248065723,1.32182654094,1.21492224959","0.266891254435,0.130053649061,0.325489196339,1.09248065723,1.31954825865,1.22118155659","1.09248065723,1.34990380253,1.22118155659,0.448323852359","0.130053649061,0.136426003257,0.266891254435,1.21492224959,0.42541858563,1.09248065723,1.34990380253","0.092787324609,0.266891254435,0.130053649061,1.22118155659,0.393723679161,1.09248065723,1.34990380253","0.130053649061,0.448323852359,1.09248065723,1.31954825865,1.21492224959","0.130053649061,0.409628414355,1.09248065723,1.34032801139,1.22118155659","0.158957602828,0.0626294040426,0.266891254435,0.130053649061,0.425462209553,1.09248065723,1.32182654094,1.20070241905","0.266891254435,0.130053649061,0.407438740976,1.09248065723,1.31954825865,1.22118155659","0.266891254435,0.0977888316951,0.347052271142,1.09248065723,1.35427623858,1.22118155659","0.130053649061,0.42541858563,1.09248065723,1.34990380253,1.22118155659","0.266891254435,0.130053649061,1.09248065723,1.34641479371,1.22118155659,0.514733237295",sph_dist
29,20110126,"0.495094238144,0.453825415279,1.09248065723,1.31823974335,1.28686602057","0.19657747644,0.477969203394,0.483520575286,0.291434705057,1.09248065723,1.32074394409,1.26977558088","0.496523233737,1.09248065723,1.34821645917,1.28686602057","0.477969203394,0.454723577197,1.09248065723,1.27886666577","0.52128977664,0.448323852359,1.09248065723,1.32074394409,1.28318190801","0.439119825891,0.467222233812,1.09248065723,1.32074394409,1.28686602057","0.517500209898,0.483520575286,0.422910797945,1.09248065723,1.33807332229,1.28318190801","0.468891247317,1.09248065723,1.32074394409,1.26977558088","0.458329511329,0.19657747644,0.42541858563,1.09248065723,1.35293403365,1.31195893409","0.679934713978,0.151246653436,1.08805665342,1.09248065723,1.32074394409,1.28686602057,0.448323852359","0.468891247317,0.50193057713,0.495094238144,0.453825415279,1.09248065723,1.35293403365,1.28686602057","0.517500209898,0.468891247317,0.514733237295,1.09248065723,1.34821645917,1.28686602057",sph_dist
30,20110128,"0.24038095842,0.523598775598,1.11870038797,1.0327660819,0.645504888343","0.24038095842,0.575958653158,1.03883835318,1.0327660819,0.645504888343","0.24038095842,0.978951559417,0.603861628462","0.24038095842,0.578263085503,0.57773587349","0.251597355279,0.52614963137,1.03525596453,1.02256262344,0.604826115039","0.259545981454,0.578263085503,0.978951559417,0.604826115039","0.578263085503,0.24038095842,0.224544857017,1.0620975043,0.604826115039","0.24038095842,0.52614963137,0.978951559417,0.604826115039","0.259545981454,0.52614963137,0.988581458644,0.603861628462","0.259545981454,0.575958653158,1.0327660819,0.604826115039","0.24038095842,0.578263085503,0.988581458644,0.604826115039","0.24038095842,0.575958653158,0.978951559417,0.603861628462",sph_dist
31,20110129,"0.576215156707,1.22573493603,0.610841764316","0.263870916303,0.523882817659,0.610841764316,1.00330979322","0.308802718126,0.576215156707,0.919747241342,0.583716850973","0.523882817659,0.583716850973","0.256555542772,0.576215156707,0.70467575777,0.610841764316,1.046448986","0.523882817659,0.962779678159,0.583716850973","0.48899753357,0.256555542772,1.18236854452,0.583716850973","0.523882817659,1.00330979322,0.583716850973","0.48899753357,0.930905738597,0.584559595652","0.523882817659,0.583716850973,0.962779678159","0.256555542772,0.576215156707,0.79786084074,0.974420615538,0.583716850973","0.523882817659,0.111726788047,0.962779678159,0.584559595652",sph_dist
32,20110130,"0.85170212981,0.735277697748,0.453785605519,1.0736700526,0.628718394121","0.715477940788,0.692612568818,0.301939918538,0.453785605519,1.00600521222,0.628718394121","0.766597760855,0.791206061438,0.169205539258,0.453785605519,0.962887408492,0.590625572457","0.0778060144922,0.735277697748,0.418879020479,0.307681400448,0.625473480178","0.744744227293,0.253483910369,0.418879020479,1.03021372694,0.625473480178","0.253483910369,0.506145483078,0.989905774822,0.588501457121","0.0778060144922,0.506145483078,0.715477940788,1.04669010936,0.590625572457","0.766597760855,0.332067290929,0.962887408492,0.588501457121","0.735277697748,0.453785605519,0.390130383286,0.978749817408,0.590625572457","0.735277697748,0.506145483078,1.00600521222,0.588501457121","0.76885588782,0.715477940788,0.506145483078,0.301939918538,1.00600521222,0.590625572457","0.453785605519,0.989905774822,0.628718394121",sph_dist
33,20110131,"0.533729021754,1.10357473635,0.769028643959","0.384360930538,0.888793681763,1.06077401989,0.764225833962","0.474079439764,0.919337642087,0.177365057773,0.977072661289,0.764225833962","0.919337642087,0.769028643959","0.872573086359,0.212230784261,0.121751291032,1.01978888027,0.764225833962","0.919337642087,1.01978888027,0.764225833962","0.919337642087,1.01978888027,0.764225833962","0.872573086359,0.977072661289,0.769028643959,0.341167498414","0.341167498414,1.06077401989,0.769028643959","0.533729021754,1.03209612587,0.769028643959","0.472503470155,0.888793681763,0.386120441331,0.341167498414,1.03209612587","0.977072661289,0.764225833962",sph_dist
34,20110201,"0.727277708196,0.610698268705,1.16510128697,1.02364077529","0.570954853201,0.610698268705,0.939748199296","0.633998339179,0.610698268705,0.939748199296","0.572460422746,0.892263128087","0.157079632679,0.609148643874,0.967147407022","0.177542232594,0.939748199296,0.572460422746","0.982366799828,0.610698268705","0.572126750822,0.967147407022,0.359749550966","0.982366799828,0.610698268705","0.335456428848,0.954725306756,0.572460422746","0.616730202605,0.572460422746,0.982366799828","0.939748199296,0.610698268705",sph_dist
35,20110202,"0.596218106989,0.114121620087,0.605658510604,1.13229480406","0.554162799032,0.531494414925,0.134958693857,0.605658510604,1.13229480406","0.554162799032,0.134958693857,1.13229480406,0.605658510604","0.514102925281,0.134958693857,0.567370434482,1.14899078115","0.134958693857,1.14899078115,0.631164352431","0.134958693857,0.176879459847,0.567370434482,1.13229480406","0.134958693857,0.407732089657,1.14899078115,0.605658510604","0.424315230601,0.605458003047,1.14899078115","0.134958693857,1.14899078115,0.609248154054","0.142145992843,0.441436425951,0.510443946177,0.424315230601,1.14899078115,0.605658510604","0.134958693857,0.6320373969,0.534874649114,1.14899078115,0.567370434482","0.134958693857,1.14899078115,0.631164352431",sph_dist
36,20110203,"0.748733642099,0.732878779287,1.08445304672","0.356811059386,0.591604631088,0.478700985982,1.05651260327,0.694604298269","0.506850482561,0.302315051238,0.694604298269","0.356811059386,0.212007142019,0.66907584888","0.325867897342,0.45033522976,0.732878779287","0.232027183378,0.66907584888,1.03747316269","0.276152518521,0.694604298269,1.05651260327","0.383822599827,0.407695848847,0.694892982797,1.01436854682","0.691292830024,0.478700985982,0.694604298269,1.01436854682","0.335124189921,0.578724830177,0.998749109667,0.694604298269,0.386550769677","0.409215381745,0.630367514364,1.06994964942,0.694604298269","0.386550769677,0.732878779287,1.01436854682",sph_dist
37,20110204,"0.421660936273,0.743168326191,1.41400477847,0.166599185187","0.288986631872,0.659907053364,0.438743740085,1.43253351065,0.200835175709,0.482267992485","0.420476497282,0.676040650224,1.4457704712","0.421660936273,1.48058003097,0.343211204387","0.687725154095,1.36593920966,0.160331154589,0.464934511487,0.18120839799","0.235163144204,0.389866651656,1.4457704712,0.200835175709","1.20664679131,0.118868683565,0.360882148087,0.444265427557,0.342308213289","0.389866651656,0.360882148087","0.421660936273,1.36593920966,0.297488761786,0.18120839799","0.438743740085,0.358143314715,0.43391527188,1.4457704712,0.157189237677,0.464934511487","0.616730202605,0.389368249617,0.438743740085,1.18007431789,1.43253351065,0.20997298549,0.482267992485","0.421660936273,1.3070685319,0.368881852481,0.335842380849,0.342308213289",sph_dist
38,20110205,"0.749160389082,0.374425118903,0.336264135647","0.317886437914,0.374425118903","0.672245078825,0.413995902135,0.374425118903","0.581195066803,0.413995902135","0.527950556203,0.427158520571,1.39949057131,0.375904062925,0.198927083866","0.264426279127,0.384330884618,0.891686520082","0.388805739406,0.64830038832,1.17552047162,0.374425118903,0.492509965371","0.738306347279,1.39949057131,0.338421307797","0.323179790239,1.345116428,0.336264135647,0.164517257708","0.427158520571,0.408431738643,1.39949057131,0.337221314877,0.186432758587,0.339893922226","0.64830038832,1.07984716935,0.42125669281,0.232127457706","0.706327155991,1.44319292382,0.401622072827,0.389187005441,0.907802824403",sph_dist
39,20110206,"0.501763509964,1.46098168576,0.354806411773","0.40242973686,0.23527947125,1.50768772016","0.467781420583,0.72957718753,0.40242973686","0.447582466545,1.50768772016","0.513026100266,1.47546436225,0.40242973686,0.28410204464","0.424123036199,1.49926971133,0.386691886772,0.28410204464","0.424123036199,1.0740744317,1.44511223734,0.28410204464,0.370920592698","0,0.40242973686,0.367812922628,1.25346166699","0.297488761786,0.534670677609,1.44511223734","0.497302981309,0.452913698341,1.49926971133,0.986459259525,1.23426171634,0.386691886772","1.02475109278,0.447582466545,1.46098168576,0.40242973686,0.386691886772,0.232987098312","0.297488761786,1.32211118825,0.420780597557",sph_dist
40,20110207,"0.663610918696,0.895757281745,0.269197475535,0.398393226444","0.215205897142,0.663610918696,0,0.930444139682","0.196386181578,0.663610918696,0.323161564837,0.930444139682,0.269197475535,0.788061086246","0.930444139682,0.663610918696","0.70115732056,0.663610918696,0.308817507305",0.937174252513,"0.274694297407,0.663610918696,0.654300375207,0.265427530211","0.688003889777,0.663610918696","0.85918598667,0.663610918696,0.265427530211","0.15909809503,0.663610918696,0.922557448267,0.269197475535","0.196386181578,0.930444139682,0.669636658674,0.269197475535","0.663610918696,0.765400915487",sph_dist
41,20110208,"0.668612549138,0.73323491921,0.377736050044,0.353755841496","0.668612549138,0.872664625997,0.564286764908,0.357805983882","0.78558119211,0.377736050044",0.872664625997,"0.569730450169,0.665169641355,0.358314883836","0.13157457948,0.820479476555,0.396111463137","0.524690118982,0.665169641355,0.358314883836","0.611807425871,0.665169641355","0.668612549138,0.671386521779,0.335068904641","0.668612549138,0.787818647614,0.358314883836","0.820479476555,0.357805983882,0.39986579846",0.668612549138,sph_dist
42,20110209,"0.693972879037,0.224303181354,0.353262944269","0.693972879037,0.212704632699,0.176158947163","0.233975261407,0.553744940362,0.360933219271","0.397983409416,0.194530799296,0.685902396738","0.205220546932,0.693972879037,0.395548842344","0.224051908283,0.196853702187","0.165369344417,0.685902396738,0.224303181354,0.558758460427,0.352224034913","0.685902396738,0.27213619057","0.737897306225,0.222298429019,0.60396060301,0.352224034913","0.65126600196,0.222298429019,0.353262944269","0.737897306225,0.331612557879,0.240568935329,0.353262944269","0.272138208565,0.685902396738,0.266283814755",sph_dist
43,20110210,"0.708029351247,0.109795268682","0.708029351247,0.0585892554339","0.141962756978,0.489181787786,0.703199039489,0.41020341624","0.141962756978,0.755214734745","0.109795268682,0.755214734745",0.141962756978,"0.703199039489,0.116077634834,0.349634606598,0.0870192560594","0.141962756978,0.210803143302,0.0837752298007,0.755214734745","0.141962756978,0.755214734745","0.616612422848,0.116077634834","0.17810157421,0.109795268682,0.703199039489","0.703199039489,0.253135055729,0.116077634834",sph_dist
44,20110211,"0.439691891812,0.725352784503,0.666439495256","0.422446911961,0.556596354623,0.673743772952","0.779462839935,0.541919387457,0.673743772952","0.485074655495,0.394778481339,0.45984014409,0.725352784503,0.281261178483","0.720585174743,0.699943610024,0.692036450953,0.125582913584",0.807184880425,"0.586397941496,0.178810126027,0.673743772952,0.328521011977","0.807184880425,0.220828755192,0.447923678409,0.312589215255","0.807184880425,0.673743772952,0.0998885140703,0.281261178483","0.587975149369,0.366906668137","0.673743772952,0.070786408177,0.679496792911,0.281261178483,0.142145992843","0.286295642047,0.616545323449,0.447923678409,0.305690249853,0.673743772952,0.281261178483",sph_dist
45,20110212,"0.776919910439,0.414550214601","0.725190684365,0.0533302448685,0.373682434254","0.158706036538,0.776919910439","0.0739995596977,0.770887065116,0.0448798146828,0.290020202892","0.159746712758,0.253649631721,0.770887065116,0.172368558697","0.158706036538,0.336694540284,0.21499923164,0.414550214601,0.329832728917","0.0448798146828,0.190415094616,0.350555890234,0.386041568342,0.415547527103","0.204500814692,0.681505964638,0.174349167391,0.35594982227,0.0764182195281,0.418189456472","0.725190684365,0.190729861401,0.418189456472","0.149778456699,0.639159973672,0.158035413328,0.414550214601","0.181474934896,0.725190684365,0.418189456472","0.725190684365,0.290020202892",sph_dist
46,20110213,0.38436290339,"0.332067006369,0.406253949459","0.37657018369,0.332067006369,0.431726158086,0.29898371165","0.38436290339,0.192810910253","0.38436290339,0.121964697946",nan,"0.38436290339,0.437846477556","0.0746656273501,0.430381751422,0.192810910253","0.332067006369,0.431726158086","0.297620416438,0.0611047888813,0.210161932317,0.437846477556,0.210422284876","0.132218510829,0.431726158086,0.331801247356","0.38436290339,0.254333957363",sph_dist
47,20110214,"0.806781461718,0.559702104751","0.755854652457,0.299245565065,0.522128081086","0.755854652457,0.559702104751","0.806781461718,0.0597902283105,0.441696885794","0.799776385656,0.18544827136,0.0510890293345,0.464284559618,0.559702104751",0.559702104751,"0.0544652276693,0.416776156754","0.270140178238,0.559789025386,0.0544652276693","0.755854652457,0.0510890293345,0.559702104751,0.436277785712","0.367473605045,0.267910309572,0.24250325868,0.671365136999,0.0705923079462","0.323535554673,0.559702104751,0.476201937938",0.806781461718,sph_dist
48,20110215,"0.218732172824,0.701379041605","0.290617994885,0.666635627125,0.224275296676","0.224275296676,0.666635627125,0.290617994885","0.666635627125,0.218732172824,0.290617994885,0.285934449768","0.224275296676,0.701379041605,0.314495297769,0.217093044528","0.218732172824,0.701379041605,0.290617994885","0.224275296676,0.666635627125,0.314495297769,0.2071361848","0.224275296676,0.614549669824,0.453199759734","0.224275296676,0.614549669824,0.817058879213,0.262102819183,0.325222828415,0.435292536343,0.365749173454","0.285934449768,0.276168654289,0.224275296676,0.666635627125","0.614549669824,0.224275296676","0.666635627125,0.218732172824",sph_dist
49,20110216,"0.251255729028,0.636301817386,0.12677921382","0.26595792102,0.688090316666","0.26595792102,0.688090316666","0.26595792102,0.636301817386","0.26595792102,0.688090316666,0.167473410998,0.952898413554","0.25931222883,0.688090316666","0.25931222883,0.722654771373","0.245658165205,0.636301817386","0.26595792102,0.688090316666,0.245132452599,0.300521865568,0.219835225258","0.275785189619,0.25931222883,0.722654771373","0.25931222883,0.688090316666","0.26595792102,0.688090316666",sph_dist
0,20100713,"0.00231374873055,0.00209994260078","0.00554763885564,0.00209994260078","0.00554763885564,0.00209994260078","0.00849667292303,0.000827336079997","0.000566083676721,0.00209994260078","0.00849667292303,0.00209994260078","0.00115672083447,0.00209994260078","0.00379997380181,0.00209994260078","0.043638543653,0.00554763885564,0.00971591303968,0.00209994260078","0.00554763885564,0.00209994260078","0.000566083676721,0.00209994260078","0.0662285894429,0.00554763885564,0.00209994260078",sph_area_diff
1,20100714,"0.0158298929368,0.0515259925473,0.0211521508504,0.0419058240076,0.168976119478,0.0193702264791","0.0360171770977,0.0266224357421,0.0193702264791","0.0571367867355,0.0193702264791,0.17652304259","0.036280014857,0.0411761511967,0.014380565484,0.0193702264791","0.0169237091285,0.0379786831392,0.0281377078178,0.0193702264791","0.0467115429323,0.187215099935,0.0193702264791","0.0530294819232,0.0346009666269,0.0111178041799,0.0311571779692,0.184321111923,0.2061533278,0.0193702264791","0.0367679721574,0.0716729720205,0.0193702264791","0.0404581775807,0.0205187628199","0.0715908555792,0.0285843781526,0.0193702264791,0.187835217166","0.0421275248051,0.0342927808465,0.0205233133856,0.0424678349722,0.171789713488,0.0193702264791","0.0204204452493,0.0608269921588,0.0193702264791",sph_area_diff
2,20100715,"0.180750420832,0.0067020894017,0.0649075434953,0.31868564581","0.159004603123,0.217185726791,0.00770434413706,0.0649075434953,0.31868564581","0.184957581651,0.00198998828302,0.31868564581,0.0649075434953","0.194457560479,0.00029554222804,0.0649075434953,0.308388932583","0.177474534901,0.035025781519,0.00770434413706,0.31868564581,0.0649075434953","0.00412852536442,0.314480899729,0.0649075434953","0.00029554222804,0.0649075434953,0.31868564581","0.172213381531,0.00029554222804,0.31868564581,0.0649075434953","0.154769587893,0.00652473051011,0.0649075434953,0.31868564581","0.0319383159751,0.000187418271296,0.0649075434953,0.314316483176","0.164691486653,0.00029554222804,0.0649075434953,0.31868564581,0.312779519487","0.00029554222804,0.217185726791,0.16841003939,0.0649075434953,0.31868564581",sph_area_diff
3,20100716,"0.154330203868,0.393166780803,0.071444360237","0.14979546164,0.181061053396,0.075788662329,0.390515626691","0.151788534785,0.390363616748,0.071444360237","0.156099624308,0.382224420192,0.075788662329","0.154330203868,0.390363616748,0.075788662329","0.159049002703,0.180872422076,0.075788662329,0.390363616748","0.180978936955,0.151543126694,0.390363616748,0.075788662329","0.154330203868,0.393166780803,0.075788662329","0.181061053396,0.154330203868,0.180151746849,0.389435267147,0.075788662329","0.155531917209,0.0578644582002,0.075788662329,0.390363616748","0.154330203868,0.390363616748,0.075788662329","0.181477908781,0.154330203868,0.390515626691,0.075788662329",sph_area_diff
4,20100718,"0.124495687376,0.532973126223","0.143264248652,0.116845851616,0.146143874761","0.12433407988,0.143403833008,0.139911170583,0.532973126223","0.124495687376,0.00576117555091,0.532973126223","0.116845851616,0.532973126223","0.127177062276,0.532973126223","0.0839523062378,0.127177062276,0.00154236255664,0.532973126223","0.127177062276,0.532973126223","0.105814179903,0.1403289742,0.121329796527,0.532973126223","0.12433407988,0.532973126223","0.118861074975,0.118648421628,0.532973126223","0.116972803124,0.12433407988,0.532973126223",sph_area_diff
5,20100719,"0.0259138942593,0.168478680481,0.00165697114415,0.549512828736","0.16559934348,0.00165697114415,0.549512828736","0.00161988468458,0.168618264837,0.549512828736","0.168478680481,0.00161988468458,0.549512828736","0.168478680481,0.00161988468458,0.549512828736","0.00561178580238,0.549512828736","0.0635395881053,0.0033675497384,0.549512828736","0.00561178580238,0.549512828736","0.0751125413038,0.00134731220872,0.549512828736","0.00134731220872,0.549512828736","0.168478680481,0.00161988468458,0.549512828736","0.0282651865694,0.00161988468458,0.549512828736",sph_area_diff
6,20100721,"0.0742240602415,0.093286567205,0.397021658632,0.13373749684","0.100484909707,0.0787588024686,0.387996017916,0.131968076399","0.0789912908226,0.389624349215,0.13373749684","0.0219234905129,0.0410381199133,0.0308465525462,0.042055533211,0.385697342707,0.138081798932","0.0977355823925,0.0742175870293,0.387996017916,0.138081798932","0.100484909707,0.0843845834022,0.388438174043,0.13373749684","0.0479372136203,0.0294625160928,0.388438174043,0.138081798932","0.0813004715511,0.397021658632,0.138081798932","0.0890713924002,0.0937331140956,0.0759870074697,0.394150317781,0.138081798932","0.045001939168,0.027230481382,0.382478318941,0.138081798932","0.100345325351,0.0785286765522,0.387996017916,0.13373749684","0.042291944985,0.0292300277389,0.392427513269,0.13373749684",sph_area_diff
7,20100722,"0.0466255276592,0.0686479912742,0.477674673811,0.0502416844842","0.0541969381143,0.468068015233,0.0502416844842","0.0661246311933,0.0572012214671,0.470510512181,0.0502416844842","0.0677204883698,0.0513228784323,0.461976048087,0.0502416844842","0.0687508747625,0.051229741221,0.466433285418,0.0514212981111","0.0599730164661,0.470144901175,0.0514212981111","0.00581523987109,0.464754518255,0.0502416844842","0.0716861492149,0.0587934028391,0.477674673811,0.0502416844842","0.049535295166,0.0514212981111,0.468156089929","0.0745654862157,0.0424566174247,0.465284749077,0.0502416844842","0.0745654862157,0.0529092865149,0.0530173244873,0.467007553588,0.0502416844842","0.00618471278654,0.0100922740623,0.474803332959,0.0514212981111",sph_area_diff
8,20100723,"0.00245735471108,0.0330854068379,0.0169504255024","0.0456331464684,0.0169504255024","0.060591663416,0.0435552034816,0.021026240524","0.0318992930346,0.0114760418494,0.021026240524","0.0327381672702,0.0631987741107,0.0380917237697,0.021026240524","0.0559643571283,0.344487435021","0.058100737921,0.021026240524","0.0575122927537,0.345827348764","0.0446639214812,0.021026240524","0.0601239153021,0.0336964645073,0.021026240524","0.0691722065036,0.0517362144019,0.0181300391294","0.0372910069728,0.0227517562219,0.0181300391294",sph_area_diff
9,20100725,"0.0263148546581,0.380049977219,0.00142382136095","0.0442103532291,0.380049977219,0.00142382136095","0.0548282090103,0.0336557174172,0.380049977219,0.00142382136095","0.0564863646046,0.0318207625303,0.382873480477,0.00142382136095","0.0542274404179,0.0354917140222,0.382873480477,0.0026034349879","0.0487298132819,0.378311903422,0.0028122937765","0.00692997628007,0.0177328951398,0.382873480477,0.00142382136095","0.0605039500735,0.046982148228,0.379938206025,0.0028122937765","0.0412060698762,0.0504925826252,0.0028122937765,0.382873480477","0.0422666052848,0.026537535463,0.377114702766,0.00142382136095","0.0506679207398,0.035984446736,0.0477321600737,0.00142382136095,0.382873480477","0.0111857880382,0.0269167152528,0.379938206025,0.00142382136095",sph_area_diff
10,20100726,"0.0883823573023,0.0804404933697,0.10406708951,0.396137549301,0.0118579546117","0.0832625267093,0.0794820727883,0.396137549301,0.0118579546117","0.0674591022971,0.087720269873,0.101192084237,0.10603048768,0.396137549301,0.0179716771441","0.10350586403,0.0865525210585,0.0943321793725,0.0772098953605,0.396137549301,0.0076218394743","0.0799757141958,0.0624738373749,0.0890711543455,0.104980658649,0.396137549301,0.0160947892606","0.0933759540991,0.0995826622389,0.42254710323,0.423862951615","0.0108524937678,0.00234941897384,0.396137549301,0.0118579546117","0.0582060432306,0.100975691673,0.102398143271,0.0822538677873,0.393202274849,0.0076218394743","0.0225525096446,0.101251113882,0.0775729465309,0.393202274849,0.0076218394743","0.067445496022,0.0767502482629,0.0599305089883,0.0118579546117,0.393202274849","0.0149796288419,0.0717486438809,0.0788290183828,0.393202274849,0.0076218394743","0.052755800273,0.0219042520492,0.0192344953364,0.00957461788485,0.393202274849,0.0179716771441",sph_area_diff
11,20100727,"0.0124507660859,0.0533102519375,0.408419343475","0.0461730732361,0.0123866137808,0.411298680475","0.0380848326122,0.00767175183366,0.411298680475","0.0208138284555,0.0328027192356,0.0168214857791,0.411298680475","0.00219370574496,0.0374977777217,0.406737103421","0.0357443500963,0.411298680475","0.107915601646,0.0257874058925,0.411298680475","0.00795198677608,0.404309959241","0.0263931474978,0.0152845536926,0.411298680475","0.0239162066379,0.00482788536808,0.408363406023","0.00346095353253,0.406737103421","0.00790266886955,0.408363406023",sph_area_diff
12,20100728,"0.183750490798,0.455902624102,0.451894506206","0.178072764657,0.446814167368,0.45296734965","0.178072764657,0.440886616775,0.455902624102","0.182947119265,0.436781042828,0.455902624102","0.0210081380803,0.455902624102,0.444186801531","0.0291928023482,0.441315460679,0.455902624102","0.183750490798,0.437440900785,0.455902624102","0.175874826344,0.446728470614,0.448599074284","0.165329029513,0.180175324266,0.455902624102,0.445137778147","0.179743294341,0.440886616775,0.455902624102","0.182319229948,0.441315460679,0.451583618601","0.0255380304033,0.447861316791,0.455902624102",sph_area_diff
13,20100730,"0.0568894084224,0.0117296221854,0.466621986847,0.483311201965,0.47265107773","0.0487675436003,0.0303687682171,0.0635611409707,0.0429432801535,0.460774528817,0.483311201965,0.478656613308","0.0163544186275,0.466621986847,0.479046728372,0.485949949467","0.0122483490325,0.132035019559,0.466621986847,0.479046728372,0.4830009154","0.115192087057,0.485949949467,0.479046728372,0.466621986847","0.0255762084167,0.00766857143676,0.0320907288454,0.480104714005,0.479046728372,0.466621986847","0.466621986847,0.483311201965,0.478764800262","0.133022079307,0.119961200901,0.483311201965,0.466621986847,0.48171383433","0.0769189358339,0.478764800262,0.466621986847,0.483311201965","0.485949949467,0.474677565737,0.466621986847","0.466621986847,0.483311201965,0.485949949467","0.466621986847,0.474677565737,0.485949949467",sph_area_diff
14,20100731,"0.0103755945113,0.119649182641,0.13696692872,0.53229479924,0.547879105759,0.546175686452","0.12502000144,0.0385749167607,0.103927146785,0.53229479924,0.546770387759,0.550411801589","0.105128860126,0.0675399628062,0.541762278071,0.53229479924","0.122498865366,0.53229479924,0.550722088155,0.546335986568","0.124010755715,0.0290240176574,0.104311215172,0.547879105759,0.53229479924,0.549124720519","0.112854055001,0.019349248457,0.108879780279,0.546335986568,0.547879105759,0.53229479924","0.126967823532,0.53229479924,0.550722088155,0.54209987143","0.130433951577,0.0447352552223,0.136626245642,0.115661159125,0.547879105759,0.53229479924,0.546228519124","0.0596855166553,0.118423050344,0.53229479924,0.550722088155,0.540405425375","0.112615602937,0.53229479924,0.540653560071,0.550464634262","0.0939902628386,0.53229479924,0.550722088155,0.550411801589","0.0451919744382,0.53229479924,0.546770387759,0.553360835657",sph_area_diff
15,20100802,"0.0971845684865,0.114288938312,0.116560878785,0.104866410239,0.129098709716,0.437979854301,0.444008945184,0.00873372947655","0.0919044890329,0.0743644665257,0.117326595946,0.11140989169,0.437979854301,0.0184400533363,0.448245060322","0.114612970373,0.0452873577504,0.0945556431452,0.0184400533363,0.433744599414","0.0621764507736,0.117283989994,0.0989311334045,0.436241780505,0.00403703035533,0.450014480762","0.112874896576,0.0575263675816,0.120616265064,0.0878185948095,0.436241780505,0.00873372947655,0.457307816922","0.119064669742,0.0694851404,0.0878489268019,0.454358782854,0.0110220611031,0.437979854301","0.117283989994,0.0747051562447,0.103723000024,0.437979854301,0.00403703035533,0.444008945184","0.103143605728,0.119064669742,0.112026136558,0.0923534968913,0.437979854301,0.0135854855721,0.444008945184","0.0688163725937,0.120238779523,0.0984672194237,0.437979854301,0.0051457483549,0.445778365625","0.106146196985,0.0719357171028,0.437979854301,0.0139710951705,0.454358782854","0.114371806417,0.0724747749512,0.0910520746039,0.437979854301,0.00698606442272,0.454358782854","0.117326595946,0.0667307938212,0.0924149409637,0.0184400533363,0.436241780505,0.45296351483",sph_area_diff
16,20100803,"0.0469850114477,0.0170264497767,0.0157291779907,0.42956042213,0.407178262223","0.037616643325,0.073236533658,0.404146568958","0.0460659420167,0.00827549971706,0.0170264497767,0.414793256677,0.403005305754","0.0126556376564,0.411101496408,0.42956042213","0.0470885532833,0.0237681762513,0.405670882455,0.42956042213","0.0452052229614,0.0106842259958,0.401477159846,0.429413951794,0.42956042213","0.0934018897347,0.00774954915933,0.411101496408,0.425324306992","0.0523973511074,0.0205859572091,0.408319525428,0.417549381493,0.0278510824026,0.425324306992","0.0104980540564,0.408319525428,0.425324306992","0.0566925183912,0.0132215496332,0.408319525428,0.416241857189","0.0491451683133,0.411101496408","0.032090144363,0.0522693024507,0.426667308662,0.400398195059",sph_area_diff
17,20100804,"0.0681651606078,0.484908094155,0.490604492468","0.085083176183,0.0888240862801,0.0530996601893,0.478020722562,0.490604492468","0.154059996795,0.174618740951,0.490604492468,0.493433543429","0.0781221048116,0.494527726652,0.482440238371,0.504169557255","0.063696202442,0.490604492468,0.489197428292,0.512369765076","0.0738859896741,0.494527726652,0.482440238371","0.491745755672,0.482440238371,0.497637276128","0.0729721471529,0.491745755672,0.48206511176","0.14171961235,0.490604492468,0.489197428292,0.503568700585","0.174618740951,0.162557368259,0.490604492468,0.489197428292","0.171151392814,0.490604492468,0.486301226897,0.499186381614","0.0469276845888,0.0840483548497,0.484908094155,0.490604492468",sph_area_diff
18,20100805,"0.102194235352,0.0432431749839,0.415731081741,0.442514906347","0.0236708491387,0.0699664243786,0.4351186695,0.418513052721","0.0554568666171,0.0745995428492,0.418513052721,0.442514906347","0.0666551864406,0.426135977794,0.439587627666,0.447989581953","0.104238289323,0.0539595369052,0.436866334554,0.421120163416","0.0689121371162,0.430882554363,0.426135977794","0.0699153182965,0.427005014692,0.4351186695","0.0649192263989,0.111989827854,0.426135977794,0.426578162556","0.0607708057837,0.446770050114,0.442514906347,0.418338192436,0.0294018928948","0.00700617137502,0.420251126517,0.442514906347","0.0161209958441,0.424397903997,0.442514906347,0.44502238506","0.0379021892167,0.118245347248,0.415731081741,0.433365899975,0.442514906347",sph_area_diff
19,20100806,"0.414883886507,0.430961785951,0.435868471235","0.0280731696062,0.000851296114879,0.420198106181,0.427907288117","0.169994484908,0.415022834355,0.435868471235,0.44362753726","0.401092551643,0.429630092629,0.422980077161","0.418187806079,0.425393977491","0.429630092629,0.422980077161,0.442439182578","0.416338957844,0.429630092629","0.422980077161,0.425393977491","0.191019695096,0.412276775812,0.0399489678333,0.434099050794,0.422231910597","0.203459662516,0.226950695406,0.419056842977,0.0485100514362,0.429862935657","0.416449732282,0.438297480865,0.435868471235,0.402994332309","0.186963094915,0.435868471235,0.416449732282",sph_area_diff
20,20100807,"0.0284948110006,0.226651542987,0.230410201487,0.0325624535662,0.224287418352","0.0166794543469,0.00525125539588,0.0156068239444,0.233165993477,0.228613680307,0.226950776718","0.138296487378,0.205520138923,0.228523533489,0.0147538087199,0.230410201487","0.0300905411326,0.219818460186,0.165908920716,0.239077023743","0.234904067273,0.231313090774,0.224287418352","0.00286103304841,0.215673146937,0.224287418352,0.234904067273","0.22326884717,0.237338949947,0.219818460186","0.219818460186,0.226651542987","0.226237245017,0.0254155233517,0.228523533489,0.223988493061","0.0330455753441,0.127272434155,0.0283140293839,0.226564620464,0.234904067273,0.224287418352","0.228672127691,0.228523533489,0.176201782561","0.0495696449871,0.0447383071214,0.230204372774,0.231419734884,0.228672127691",sph_area_diff
21,20100808,"4.45783374311e-05,0.153666913541,0.0317964784958,0.191510403661",0.143446102448,"0.195901321683,0.126360706626","0.00299962322796,0.100319796488,0.19097815677,0.18978759915","0.16371006881,0.191510403661","0.00174300492891,0.150908525917,0.18978759915","0.18978759915,0.161711591683","0.000417627338207,0.18978759915,0.135789397699","0.0349706798153,0.191510403661,0.118983484615","0.00287871980684,0.107079070765,0.0937621521312,0.0394223791849,0.18978759915,0.178402105818","0.191510403661,0.104141564485","0.00122419196439,0.191510403661,0.16548110336",sph_area_diff
22,20100809,"0.192813338114,0.089987319841,0.0294533239082,0.0687284521088,0.022388415149","0.190731189774,0.089987319841,0.00696815673059,0.0836290334977,0.022388415149","0.204445982607,0.053538291575,0.0253374492163","0.188064929428,0.089987319841,0.0414202318985,0.022388415149,0.0694351261714","0.191086928485,0.0826824624603,0.0828662447389,0.022388415149","0.18332727215,0.0696226091967,0.022388415149","0.197086728502,0.011187165681,0.0842484837696,0.022388415149","0.186487962429,0.083240832729,0.00491582687832,0.022388415149","0.197169811546,0.0894424616972,0.0188778979781,0.022388415149","0.089987319841,0.196586994524,0.0904844428476,0.0812868057067,0.022388415149,0.00348918979816","0.188083470593,0.089987319841,0.0877155502328,0.022388415149","0.197610776498,0.0898808049624,0.0812692898652,0.022388415149,0.00295917518234",sph_area_diff
23,20110120,"0.232472240313,0.293778326603,0.26382064008,0.28093049144,0.0256242702302,0.0260935882513","0.402516958202,0.365942487126,0.396625930982,0.0282754243424,0.0283918648535","0.379145354471,0.0158601606158,0.403966167156,0.0343910820516","0.398842556594,0.375942820273,0.399620982665,0.0202510786369,0.0283918648535","0.364454581171,0.392257655616,0.0158601606158,0.0296931185701","0.275981130092,0.288357727416,0.0158601606158,0.0260935882513","0.374454914318,0.392193746689,0.0219738831481,0.0296931185701","0.267882099222,0.289707860224,0.0158601606158,0.0260935882513","0.260765196873,0.282691656112,0.0202510786369,0.47627038874,0.0260935882513","0.339526091717,0.375578353488,0.392193746689,0.0213131807073,0.00771965157777,0.0320928054494","0.263099157252,0.270322869027,0.287177308838,0.276526349736,0.0256242702302,0.0283918648535","0.368257560415,0.396625930982,0.0213131807073,0.0260935882513",sph_area_diff
24,20110121,"0.089595073246,0.0905999829737,0.0224363214757,0.0135210624953","0.0780952858941,0.0948055831085,0.0163912541913,0.010073647592","0.261601739562,0.103492867649,0.010089712997,0.0135210624953","0.274655016331,0.0873381854656,0.0991738584746,0.013740100079,0.0167519204119","0.071628414015,0.0879289633519,0.0163912541913,0.278561707026,0.0135210624953","0.25867515957,0.100639709638,0.013740100079,0.443865225025,0.0157103447763","0.0851780286,0.0948055831085,0.0126313820794,0.0121629512516","0.0843680331934,0.0977275260608,0.013740100079,0.0181100316555","0.0826534049497,0.0923806627215,0.013740100079,0.0157103447763,0.446989564745","0.0906795923192,0.095946846313,0.0163912541913,0.250503276766,0.279862104287,0.0107527032138","0.0843680331934,0.280257161136,0.271809593278,0.0948055831085,0.013740100079,0.0181100316555","0.272297114617,0.0753871210978,0.095056506439,0.0181606746317,0.0121108144574",sph_area_diff
25,20110122,"0.227015511341,0.264926654759,0.0220698600751,0.0247719982694,0.0069104012998,0.0175687533055","0.22929527466,0.26777981277,0.020183877506,0.00295526968048,0.00254924220418,0.0175687533055","0.263530067396,0.271298566314,0.0116874879318,0.000699598162916,0.0121955888739,0.0116709463844","0.275268702705,0.240183925057,0.26777981277,0.0202149547922,0.00839447766619,0.0152704767033,0.0229162708344","0.224978178941,0.266707334507,0.020183877506,0.00681371579783,0.0173076435687,0.00767205498525","0.258078863753,0.268303514632,0.016384187053,0.0168207295743,0.0139692229866,0.0105266801356","0.233866509267,0.269560492518,0.0146365219991,0.00133986965167,0.0152704767033","0.237551610426,0.269560492518,0.0175327233938,0.00601170823025,0.0152704767033,0.00045012864786","0.239556454538,0.269560492518,0.0175327233938,0.00422089039711,0.494648288264,0.0139183933851,0.0152704767033","0.231292376719,0.264926654759,0.0172348434386,0.267336772883,0.257808819948,0.00994673727347,0.0152704767033,0.00431004899977","0.26382419579,0.26881241426,0.242897861392,0.266707334507,0.0191958003931,0.0109361467487,0.0173076435687,0.0105266801356","0.230769778924,0.264057617861,0.0146365219991,0.00016647276824,0.015848122048",sph_area_diff
26,20110123,"0.00701658056113,0.00245738441397,0.0105991886574,0.032254460066,0.428570417496","0.00701658056113,0.00245738441397,0.010776345777,0.41255703813,0.0344270624517","0.240577212066,0.0133689770401,0.00682654704853,0.438838009665,0.0030231451453,0.0295201260277","0.246209260475,0.009895917562,0.00415183046895,0.443031895312,0.00546564209308,0.0331196563465","0.00701658056113,0.00245738441397,0.0030231451453,0.0365670712498,0.441647557336","0.238394697549,0.260792054302,0.29936893808,0.00415183046895,0.0030231451453,0.032967540931,0.443117110727","0.00701658056113,0.00415183046895,0.418913601443,0.00546564209308,0.032967540931","0.009895917562,0.00245738441397,0.00546564209308,0.0295201260277","0.214682308447,0.009895917562,0.00245738441397,0.00800731117555,0.032967540931,0.429284252214","0.00701658056113,0.238524033476,0.301593499134,0.00245738441397,0.297021409585,0.027347523642,0.00800731117555,0.495201795857,0.431576921527","0.237092078914,0.2878092107,0.00245738441397,0.0115243966698,0.0295201260277,0.450227942061","0.00872847536779,0.00245738441397,0.490098215441,0.00898272758734,0.025158241361,0.0257981823267",sph_area_diff
27,20110124,"0.00105598959964,0.00338507432207,0.0763131620963,0.00978303972254,0.00904897192635","0.00746861603652,0.00338507432207,0.102813779603,0.0289521098259,0.01040708317","0.236655837966,0.0103479530374,0.00338507432207,0.097912726609,0.0288529376912,0.00546612150287","0.00105598959964,0.328063464277,0.0008434052396,0.0787868596896,0.0273237785274,0.00546612150287","0.00326301590167,0.0008434052396,0.320623944659,0.0277044013504,0.00546612150287","0.00338507432207,0.0130615786106,0.0765597410384,0.00680755285113,0.0252619044026","0.00746861603652,0.00338507432207,0.103135636898,0.0225248551046,0.00546612150287","0.00746861603652,0.00338507432207,0.324190617939,0.315380328416,0.0219704961048,0.00680755285113","0.00314961053522,0.0008434052396,0.107446008435,0.0305160146906,0.00546612150287","0.00105598959964,0.316544817196,0.00603622843434,0.323775048765,0.00272237797625,0.0167909498589,0.118586636559","0.00429087373966,0.00633410838946,0.0651343033918,0.0277044013504,0.000877152342615","0.328294918702,0.31165341055,0.00860987924096,0.00338507432207,0.400866531224,0.0405240904808,0.0277044013504,0.00306643462363",sph_area_diff
28,20110125,"0.361161370632,0.0139486644354,0.243167383104,0.00870539060054,0.359216671712,0.325988483853","0.0427417641022,0.0121199268266,0.211326638316,0.00237334778212,0.353340715712,0.329982419598","0.374550949652,0.401621131976,0.363018496046,0.273694005892","0.0166857137335,0.0406180929252,0.0427417641022,0.310886549533,0.239126214507,0.00480960275544,0.352833533872","0.0363734347307,0.0427417641022,0.0138143728816,0.324629137175,0.21075138355,0.00444893564867,0.357740470296","0.0166857137335,0.2358675401,0.00614338170365,0.35556786791,0.316095246173","0.019227382816,0.228111263309,0.000678901727139,0.352885670666,0.315068839326","0.30786310413,0.043281525405,0.0427417641022,0.0166857137335,0.225007609779,0.000678901727139,0.354520139886,0.323624494246","0.361161370632,0.0110773235835,0.202703345575,0.00623785491632,0.356508033269,0.320145839118","0.361161370632,0.00452272543052,0.165360891809,0.0032923806661,0.0177048473527,0.326095247652","0.0109713904858,0.254986133844,0.00725209970322,0.0212015357388,0.316575818312","0.0427417641022,0.0166857137335,0.00617174015986,0.0225596469825,0.313751040346,0.271267055531",sph_area_diff
29,20110126,"0.0653942995933,0.189610390941,0.00127029821335,0.33089399512,0.339265317991","0.0045680297605,0.068341576327,0.0992052874053,0.154721259498,0.00097574586304,0.332969031903,0.332386021388","0.195336187831,0.00726677108684,0.326796298661,0.319738624657","0.0757243611057,0.178456612258,0.0414501493894,0.316089820855","0.0941905499479,0.166162311401,0.004117905197,0.326812978556,0.331955739826","0.0848848394404,0.197060030718,0.00146675108473,0.330412508875,0.325264008454","0.0719590490824,0.104375019893,0.177048337258,0.000718700191938,0.323401020552,0.326116642809","0.0497220034183,0.000424147841627,0.329108947444,0.328735770793","0.0372675835852,0.0045680297605,0.149674238047,0.0032603692744,0.334622278126,0.330043583499","0.0124202779206,0.00511118863586,0.103462190637,0.000718700191938,0.328850145422,0.329220415166,0.122700301801","0.0901617438865,0.104577312647,0.0744907005736,0.201050091486,0.00841530742763,0.328416457698,0.325160254866","0.0798245750599,0.0977164386938,0.214043020927,0.00316119713971,0.326796298661,0.332241399291",sph_area_diff
30,20110128,"0.105845335297,0.101795152748,0.115793007317,0.067652652806,0.0813446010199","0.0484580152087,0.0363696032055,0.049144862444,0.457790006816,0.476947462614","0.0460259733286,0.0560519185264,0.0711953354091","0.0421942574605,0.0423285228542,0.0117578333861","0.0437676550086,0.0403357424109,0.0582506424123,0.0579086874188,0.0748934126936","0.053679475577,0.0475080691,0.0506689908444,0.0712120153044","0.0475080691,0.0537776370314,0.0440701576896,0.0638826188845,0.0736874168655","0.0985896402458,0.101988798096,0.0581275063929,0.0733846176901","0.0766592193887,0.000391215007184,0.0568747087482,0.0767632159038","0.0790912612689,0.00460147799522,0.063221157453,0.0718222542367","0.0498576891967,0.0447049050455,0.0566730865581,0.0750840505992","0.0484580152087,0.0404404314518,0.0459874249306,0.0684102962322",sph_area_diff
31,20110129,"0.0411253206655,0.129650890048,0.135428142124","0.119077419809,0.0394073121432,0.103032207856,0.0831653652143","0.13894310469,0.0465135240758,0.0731582443334,0.096094033469","0.0394073121432,0.0342100028024","0.128635531048,0.0465135240758,0.163545391721,0.10101556556,0.0856426078629","0.0421443614413,0.0783710473754,0.0907027558153","0.0391953273739,0.140022025866,0.10230108617,0.105303142048","0.037684507632,0.125560648013,0.138853743451","0.0338071239635,0.448470334184,0.473050746652","0.0394073121432,0.46922105337,0.447997089499","0.124792012155,0.0465135240758,0.173381489983,0.0787999846177,0.102253173613","0.0421443614413,0.00620658738795,0.0771914337485,0.0913991567849",sph_area_diff
32,20110130,"0.255805398628,0.00131672931637,0.00420663029587,0.0709637277269,0.0952541821423","0.00658672240289,0.231877762687,0.238049059513,0.00420663029587,0.0599841614789,0.0855047508655","0.00588390314805,0.257129324224,0.0289256642365,0.008312204243,0.0510745727236,0.0797081307355","0.23274527817,0.00171993891163,0.00139355788379,0.232319348793,0.0313872704602","0.00171877924176,0.238145910099,0.00136390135226,0.0725364698764,0.0802738252445","0.237270972165,0.0126813668776,0.057233835232,0.0724931564057","0.223255848557,0.0126813668776,0.00172805323809,0.0682266784288,0.0815977807898","0.00588390314805,0.0194702335116,0.0684308959293,0.085630425082","0.00131672931637,0.00213472923966,0.490848023575,0.118189092696,0.132085683459","0.00131672931637,0.00592463881816,0.622389601116,0.634956454228","0.2454818831,0.00172805323809,0.0126813668776,0.243089675353,0.0624266584267,0.0878030274677","0.00172092029714,0.0658892268468,0.0807249203137",sph_area_diff
33,20110131,"0.281545734694,0.0902683370846,0.103802652219","0.25890845432,0.0260573667617,0.0775265217026,0.102089678708","0.284373217843,0.0318336434868,0.021957719842,0.0670407751981,0.101001199302","0.0318336434868,0.0527573572575","0.0242216871007,0.236870244634,0.00815934167068,0.0711053336688,0.100630157187","0.0318336434868,0.0699966156693,0.104229687506","0.0318336434868,0.0711053336688,0.102920849745","0.0272664696552,0.0737666495908,0.109801869417,0.00561057492129","0.0173687312507,0.0789046649713,0.109801869417","0.284473013374,0.605956918212,0.63582976773","0.269718661613,0.0272813080493,0.281137480157,0.0173687312507,0.0747894724045","0.0659320571985,0.104229687506",sph_area_diff
34,20110201,"0.299544769844,0.0882647692633,0.000666936316501,0.0968158585233","0.284855411199,0.0880989174151,0.0579142460511","0.300831608981,0.0816613786409,0.0554050659964","0.0765015338495,0.0487674178504","0.0474292137635,0.0814084702735,0.0642266384739","0.23333236097,0.0543446043514,0.0730086901371","0.0613128827057,0.0841564102892","0.0765939535787,0.0595750663773,0.00469686712144","0.0649632697877,0.0869066580196","0.00258146738827,0.0569475021091,0.0780785282175","0.290283945059,0.08481735436,0.0596845514071","0.053758876296,0.0829905920927",sph_area_diff
35,20110202,"0.250665499994,0.0845702154657,0.0882011415287,0.0850879870184","0.250872521035,0.253262086392,0.087368652621,0.0886067826368,0.0850879870184","0.256421297297,0.0857758949886,0.0778008676026,0.0737213485604","0.252626267324,0.13321618579,0.0532379849302,0.0878156292984","0.0728285814673,0.0864473570994,0.0836567251185","0.0831718297632,0.207557285701,0.0673423198236,0.0790339919979","0.0713115986677,0.0115682671473,0.080929658124,0.0756930024182","0.573410406158,0.060924398718,0.090711830693","0.0866774682095,0.088924347298,0.0920617815843","0.0724464598169,0.0115682671473,0.242651167344,0.570893957507,0.090711830693,0.0916260532065","0.115274506039,0.25513445816,0.260184991684,0.0864473570994,0.085778951424","0.0843329638695,0.088924347298,0.0824045213987",sph_area_diff
36,20110203,"0.216446569732,0.092170789689,0.0942492898346","0.00438992005859,0.201511307306,0.376790036361,0.0742066890164,0.0789958745817","0.204209349584,0.35825652536,0.0239482009922","0.00382907730588,0.016364677188,0.0187178593177","0.0151174391173,0.0158993458056,0.0594694280977","0.168975266177,0.0713325631908,0.0680993905659","0.359984717881,0.0738875492594,0.0735540254039","0.00313442955899,0.371695867502,0.0759586231854,0.0747986868473","0.0151324806833,0.378200284399,0.080374952361,0.0937673153668","0.0261117502531,0.0150768931863,0.0728578863786,0.08747519592,0.3698263449","0.00937168717365,0.207793714587,0.080840596679,0.0834491764091","0.36546406768,0.0818361290232,0.0662488914491",sph_area_diff
37,20110204,"0.178305000553,0.24193716746,0.228222635462,0.0279939815531","0.206999857899,0.234501012401,0.156263610046,0.238176625779,0.0372356785237,0.426529993918","0.212855736187,0.220773963973,0.232863161698","0.129349365767,0.232918963559,0.236342787271","0.190553863471,0.215263612265,0.0422733944931,0.426050712133,0.0355243451697","0.216725238571,0.157453147768,0.231334002534,0.0397773476062","0.0206810992588,0.0389319876394,0.242195970719,0.40796950499,0.0672750526134","0.0416624358328,0.232052695725","0.144871456921,0.188234231793,0.172166976497,0.031295775539","0.19757196252,0.213494836271,0.242799075716,0.219133269203,0.0370779371393,0.409746842668","0.234463925941,0.23915686956,0.113352630073,0.0350759363534,0.233745130426,0.0316600529959,0.413494581216","0.134543451135,0.200587148147,0.227107335182,0.226319841834,0.0672750526134",sph_area_diff
38,20110205,"0.251272615895,0.0995154697866,0.0562764666368","0.184075983779,0.094226955101","0.25119457575,0.250161049602,0.0995590632738","0.185087779161,0.250028037243","0.226962925225,0.248462973358,0.0659402157512,0.0953229139635,0.0411530454958","0.239097661144,0.228467514884,0.0771347993904","0.225605188197,0.215190988627,0.0388512762935,0.0976780767579,0.343796115521","0.211726628553,0.0537302894782,0.19535788317","0.171443993028,0.0592426113794,0.0562764666368,0.0382589810572","0.22220189127,0.256323149418,0.0693574663173,0.0535271393222,0.0464115067526,0.082258517135","0.20209647738,0.0667189971367,0.214482832997,0.0412680598846","0.22615432305,0.0774740944533,0.238518301519,0.207944417111,0.106648398742",sph_area_diff
39,20110206,"0.169001439795,0.184310719579,0.0373194004103","0.167054620906,0.0814972557856,0.186529665014","0.160525250185,0.163196160271,0.169987979685","0.110899330338,0.190241280771","0.195365706746,0.230234823477,0.222448540385,0.668983980077","0.174562024247,0.246215220622,0.693475724237,0.69389001931","0.0587217986199,0.0226442067572,0.176486581752,0.69728529742,0.701513595288","0.18975035916,0.172934689291,0.0407699401746,0.136103976185","0.126255679641,0.242272620513,0.229807679168","0.205422132804,0.234647060792,0.244738899265,0.256600014616,0.256884500304,0.690624200399","0.0506883365227,0.0617314768607,0.185939050878,0.168315683385,0.00350596828301,0.0344533046939","0.0618102038863,0.171385244199,0.174468808031",sph_area_diff
40,20110207,"0.296170028007,0.0118585157225,0.691655333333,0.699502858037","0.165368815421,0.244722963826,0.174604175412,0.0161112135305","0.244323870858,0.313618231874,0.285215200702,0.00605952524115,0.597022531014,0.605973618805","0.0038475428707,0.249092126461","0.0637863469981,0.2991372249,0.698312407805",0.0158959128721,"0.229368745949,0.244722963826,0.0767301254574,0.593185200395","0.0702843020279,0.242953543386","0.273561739877,0.326453484906,0.698312407805","0.0178028219846,0.304534207292,0.0350170183442,0.691317599377","0.165073232599,0.00296498705005,0.0107101916081,0.689276795864","0.326082925051,0.294936496976",sph_area_diff
41,20110208,"0.28984506465,0.272964919463,0.550773704144,0.557051123735","0.255396525644,0.012160637866,0.262912616691,0.480945757776","0.0207239559884,0.477651889944",0.0121123815113,"0.0776013901411,0.251376648451,0.480835108313","0.247699980898,0.0159403842846,0.484250492995","0.0766401136479,0.258323804325,0.477439830204","0.0357547851473,0.258323804325","0.333242708273,0.257028626158,0.474036008788","0.340189864147,0.294771418973,0.546905256558","0.00618182031892,0.546803846281,0.554548420729",0.340189864147,sph_area_diff
42,20110209,"0.384550614516,0.00543323431417,0.477698614936","0.334164780694,0.00617810156031,0.268457492897","0.0576741560431,0.0132014774772,0.406722581233","0.0685339751776,0.0029349496171,0.354226837625","0.0908565174295,0.329570635331,0.484693423364","0.331756547642,0.0255775379512","0.273642277524,0.338555698715,0.0661340120432,0.00373056582015,0.416872767064","0.390678679282,0.397533608101","0.399209110236,0.0463781729593,0.00827866650365,0.420268045173","0.376232940374,0.0366890377304,0.478583556703","0.386387556792,0.0440311537622,0.0001751558359,0.478583556703","0.041673713232,0.339914041217,0.0356502621338",sph_area_diff
43,20110210,"0.377877819309,0.377826214941","0.298021567432,0.0418248455647","0.340553516864,0.0215464528092,0.363366224505,0.37907967427","0.0437857478855,0.305417804279","0.318015364482,0.363561876077",0.348147020166,"0.269007210268,0.0270986222604,0.0855149743517,0.0275605594844","0.0614635151846,0.240139772378,0.0589668734528,0.276443365327","0.37638275118,0.392536315029","0.349710371236,0.335247000179","0.277986629047,0.304034095925,0.361964258763","0.293362643314,0.301548754263,0.0455455200719",sph_area_diff
44,20110211,"0.255275477691,0.323320569646,0.26747803594","0.27475167851,0.198331174634,0.330651243554","0.233250877947,0.000947688866358,0.310871065228","0.279292613369,0.336439926427,0.186857561415,0.335201834425,0.4014765738","0.309541403861,0.196912824096,0.00554126890371,0.0233333884358",0.263916788052,"0.0755114892694,0.24854282357,0.310871065228,0.00116805541548","0.271557086231,0.283217381146,0.232864005274,0.412033981989","0.262633310634,0.303608806355,0.0227475922612,0.41024833541","0.298881244308,0.0235154581265","0.315240227863,0.0194701153435,0.0928662716049,0.468884758004,0.0197383965417","0.333467794828,0.224605541219,0.264705261545,0.33078227874,0.327861535408,0.401022012182",sph_area_diff
45,20110212,"0.265557797196,0.340090765529","0.337944888393,0.420710271722,0.411611823447","0.245727336859,0.268429138048","0.0819162989855,0.264038220027,0.00984282687168,0.301594265861","0.240769988487,0.0889203015367,0.261166879175,0.000953516162647","0.224970145757,0.0622285720546,0.00931218667571,0.41845451646,0.415755429659","0.0167233782746,0.259565422494,0.265195914178,0.0219621372313,0.340975707296","0.239336080471,0.260955896529,0.270555202191,0.269667230049,0.0108284911209,0.330645894141","0.26108883903,0.0109243187389,0.43614234713","0.0469763697987,0.271649843254,0.0620035894904,0.41845451646","0.0575648712448,0.268329342516,0.412548902009","0.254975116498,0.309034731801",sph_area_diff
46,20110213,0.461832151747,"0.4707174196,0.343019368189","0.0140054282147,0.35739243205,0.345317644791,0.350968678162","0.36482858711,0.301587204786","0.357881431236,0.0186219811068",nan,"0.361901308429,0.448655554291","0.00541475574821,0.335528973939,0.33605648991","0.40820675281,0.452633364399","0.0296748510813,0.384320908741,0.397676024419,0.451165890633,0.452123459598","0.0367091789852,0.445260276182,0.45060516375","0.514620300302,0.315166831717",sph_area_diff
47,20110214,"0.231769102912,0.105918208252","0.210842465367,0.104407027886,0.101708439001","0.208045684145,0.0544041718239","0.213934799307,0.064944103674,0.061648929812","0.202371720686,0.102961411102,0.0854797592509,0.103710879608,0.105918208252",0.104978042893,"0.029757394076,0.0366474870786","0.00688705391428,0.0459634349734,0.0345548275234","0.301965255396,0.0780069861396,0.101008185031,0.107535128655","0.243642037572,0.217821868062,0.0125582035698,0.214909339429,0.0324588093116","0.000731410797897,0.100004050494,0.105166187112",0.339708122957,sph_area_diff
48,20110215,"0.303816955337,0.323341377548","0.0809258723031,0.277436307585,0.272092048185","0.270311368437,0.277436307585,0.0646731551314","0.266314221273,0.259971948884,0.147134700619,0.0333190316796","0.267316316755,0.280440590938,0.130536342553,0.129307394808","0.312547434007,0.331841966279,0.235947156504","0.272092048185,0.277436307585,0.0348853425246,0.0087124164599","0.264705074363,0.264400976626,0.0705749149462","0.258547636241,0.261779479046,0.287496404268,0.0392323988759,0.0323082512134,0.147231517277,0.163064870744","0.0192442650151,0.151712554352,0.266142206974,0.268935718854","0.324302940699,0.316106449705","0.268855890355,0.26739918486",sph_area_diff
49,20110216,"0.179755811022,0.200138831771,0.200978797305","0.179900320073,0.181496205574","0.166960453739,0.181496205574","0.168154078596,0.172725348209","0.17599541344,0.191685743127,0.0761899624745,0.0125817943074","0.196161249231,0.211752671531","0.167065820868,0.184500488926","0.153297735687,0.172725348209","0.151974513368,0.172669442986,0.0037994588824,0.0235046857579,0.0169470690833","0.00558991720327,0.168542019584,0.180264373789","0.200559650213,0.211752671531","0.175581314572,0.181496205574",sph_area_diff
